Folder,Image
person-1,[21 14  0 ... 20 25 23]
person-1,[21 14  0 ... 20 25 23]
person-1,[21 14  0 ... 20 25 23]
person-1,[21 14  0 ... 20 25 23]
person-1,[21 14  0 ... 20 25 23]
person-2,[100 138 150 ...  43  28  25]
person-2,[100 138 150 ...  43  28  25]
person-2,[100 138 150 ...  43  28  25]
person-2,[100 138 150 ...  43  28  25]
person-2,[100 138 150 ...  43  28  25]
person-3,[208 219 186 ...  46  30 131]
person-3,[208 219 186 ...  46  30 131]
person-3,[208 219 186 ...  46  30 131]
person-3,[208 219 186 ...  46  30 131]
person-3,[208 219 186 ...  46  30 131]
person-4,[151  97  94 ...  72  62  57]
person-4,[151  97  94 ...  72  62  57]
person-4,[151  97  94 ...  72  62  57]
person-4,[151  97  94 ...  72  62  57]
person-4,[151  97  94 ...  72  62  57]
